asym_id	seq_id	comp_id	plddt
A	1	MET	84.329
A	2	THR	94.345
A	3	GLU	92.408
A	4	TYR	96.497
A	5	LYS	91.514
A	6	LEU	96.257
A	7	VAL	93.632
A	8	VAL	94.179
A	9	VAL	94.929
A	10	GLY	96.982
A	11	ALA	96.635
A	12	CYS	91.439
A	13	GLY	92.942
A	14	VAL	96.953
A	15	GLY	95.064
A	16	LYS	93.108
A	17	SER	88.602
A	18	ALA	92.92
A	19	LEU	96.297
A	20	THR	91.301
A	21	ILE	88.257
A	22	GLN	94.302
A	23	LEU	94.326
A	24	ILE	86.261
A	25	GLN	77.777
A	26	ASN	80.73
A	27	HIS	78.636
A	28	PHE	76.9
A	29	VAL	68.965
A	30	ASP	66.367
A	31	GLU	60.206
A	32	TYR	49.124
A	33	ASP	49.774
A	34	PRO	50.065
A	35	THR	48.937
A	36	ILE	53.694
A	37	GLU	49.738
A	38	ASP	61.468
A	39	SER	67.828
A	40	TYR	78.023
A	41	ARG	77.124
A	42	LYS	83.93
A	43	GLN	89.025
A	44	VAL	93.283
A	45	VAL	96.452
A	46	ILE	97.799
A	47	ASP	97.437
A	48	GLY	97.619
A	49	GLU	94.934
A	50	THR	95.931
A	51	CYS	91.418
A	52	LEU	91.718
A	53	LEU	93.319
A	54	ASP	86.434
A	55	ILE	89.844
A	56	LEU	85.735
A	57	ASP	84.563
A	58	THR	84.538
A	59	ALA	68.911
A	60	GLY	61.577
A	61	GLN	53.368
A	62	GLU	53.052
A	63	GLU	57.202
A	64	TYR	60.424
A	65	SER	62.472
A	66	ALA	76.609
A	67	MET	68.229
A	68	ARG	73.691
A	69	ASP	78.278
A	70	GLN	78.459
A	71	TYR	77.449
A	72	MET	86.637
A	73	ARG	89.684
A	74	THR	87.393
A	75	GLY	93.6
A	76	GLU	96.857
A	77	GLY	98.392
A	78	PHE	98.453
A	79	LEU	98.1
A	80	CYS	98.84
A	81	VAL	98.658
A	82	PHE	98.964
A	83	ALA	98.343
A	84	ILE	98.647
A	85	ASN	98.019
A	86	ASN	98.15
A	87	THR	98.616
A	88	LYS	98.718
A	89	SER	98.566
A	90	PHE	98.955
A	91	GLU	98.658
A	92	ASP	98.491
A	93	ILE	98.925
A	94	HIS	98.199
A	95	HIS	97.38
A	96	TYR	97.136
A	97	ARG	98.224
A	98	GLU	97.225
A	99	GLN	93.775
A	100	ILE	97.208
A	101	LYS	96.851
A	102	ARG	93.829
A	103	VAL	91.551
A	104	LYS	95.564
A	105	ASP	93.202
A	106	SER	93.247
A	107	GLU	93.05
A	108	ASP	94.47
A	109	VAL	98.057
A	110	PRO	98.453
A	111	MET	98.62
A	112	VAL	98.888
A	113	LEU	98.976
A	114	VAL	98.921
A	115	GLY	98.939
A	116	ASN	98.353
A	117	LYS	96.681
A	118	CYS	95.848
A	119	ASP	94.753
A	120	LEU	95.455
A	121	PRO	95.611
A	122	SER	92.852
A	123	ARG	96.104
A	124	THR	97.915
A	125	VAL	98.618
A	126	ASP	97.001
A	127	THR	97.123
A	128	LYS	98.304
A	129	GLN	98.169
A	130	ALA	98.789
A	131	GLN	98.577
A	132	ASP	98.666
A	133	LEU	98.848
A	134	ALA	98.905
A	135	ARG	98.632
A	136	SER	98.235
A	137	TYR	98.477
A	138	GLY	98.332
A	139	ILE	98.677
A	140	PRO	98.798
A	141	PHE	98.923
A	142	ILE	98.716
A	143	GLU	98.363
A	144	THR	98.39
A	145	SER	97.866
A	146	ALA	95.626
A	147	LYS	94.888
A	148	THR	95.937
A	149	ARG	95.779
A	150	GLN	97.548
A	151	GLY	97.777
A	152	VAL	97.751
A	153	ASP	96.859
A	154	ASP	98.305
A	155	ALA	98.55
A	156	PHE	97.901
A	157	TYR	98.074
A	158	THR	98.792
A	159	LEU	98.725
A	160	VAL	98.319
A	161	ARG	98.609
A	162	GLU	98.427
A	163	ILE	98.432
A	164	ARG	97.852
A	165	LYS	97.278
A	166	HIS	95.737
A	167	LYS	89.088
A	168	GLU	82.857
LIG	1	U4U	87.28
